Response ID,Time Started,Date Submitted,Status,Referer,Extended Referer,SessionID,User Agent,IP Address,City,State/Region,Postal,Are you currently a dues paying member of the Communications Workers of America (CWA)?,Would you agree or disagree that sexual harassment is an issue in your workplace?,"  Have you personally experienced any of the following harassments at your current job or workplace within the last year?  Verbal harassment of a sexual nature 	Unwanted touching or physical contact 	Cyber harassment (including unwanted comments or photos shared via email, social media, or text) 	Unwelcome sexual advances or requests for sexual favors 	Physical acts of sexual assault 	Homophobic or transphobic comments or behavior 	Sexism or gender-based discrimination 	Other forms of sexual harassment ","Yes, to a steward:If you have experienced any form of sexual harassment in the workplace within the last year, was the issue reported? Check all that apply.","Yes, to a superior:If you have experienced any form of sexual harassment in the workplace within the last year, was the issue reported? Check all that apply.","Yes, to Human Resources:If you have experienced any form of sexual harassment in the workplace within the last year, was the issue reported? Check all that apply.","No, but I told a coworker:If you have experienced any form of sexual harassment in the workplace within the last year, was the issue reported? Check all that apply.","No, not reported:If you have experienced any form of sexual harassment in the workplace within the last year, was the issue reported? Check all that apply.","If you have reported an incident of sexual harassment, how satisfied were you with the outcome?","Didn’t want to get someone in trouble:If you did not report to your union steward or representative, why not? Check all that apply.","Unsure how to report the incident:If you did not report to your union steward or representative, why not? Check all that apply.","Unsure reporting the incident would help or be taken seriously:If you did not report to your union steward or representative, why not? Check all that apply.","Don’t have a steward or I’m not sure who that person is:If you did not report to your union steward or representative, why not? Check all that apply.","Worried about retaliation:If you did not report to your union steward or representative, why not? Check all that apply.","Don’t trust my steward:If you did not report to your union steward or representative, why not? Check all that apply.","Reported to Human Resources or a superior instead:If you did not report to your union steward or representative, why not? Check all that apply.","Lack of support from co-workers:If you did not report to your union steward or representative, why not? Check all that apply.","I was not a union member at the time of the incident(s):If you did not report to your union steward or representative, why not? Check all that apply.","Other - Write In:If you did not report to your union steward or representative, why not? Check all that apply.","Other - Write In:If you did not report to your union steward or representative, why not? Check all that apply.","If you did report an incident of sexual harassment to a representative of your union, how much do you agree that the union helped you achieve your desired outcome?",A direct supervisor:Please answer whether within the last year people in any of the following roles have ever been perpetrators of sexual harassment against you at your current job. Check all that apply.,Someone in a more senior role who is not a direct supervisor:Please answer whether within the last year people in any of the following roles have ever been perpetrators of sexual harassment against you at your current job. Check all that apply.,Another union-represented employee:Please answer whether within the last year people in any of the following roles have ever been perpetrators of sexual harassment against you at your current job. Check all that apply.,"A steward, representative, or leader of my union:Please answer whether within the last year people in any of the following roles have ever been perpetrators of sexual harassment against you at your current job. Check all that apply.",A contractor hired by my employer:Please answer whether within the last year people in any of the following roles have ever been perpetrators of sexual harassment against you at your current job. Check all that apply.,A more junior employee:Please answer whether within the last year people in any of the following roles have ever been perpetrators of sexual harassment against you at your current job. Check all that apply.,A customer of my employer:Please answer whether within the last year people in any of the following roles have ever been perpetrators of sexual harassment against you at your current job. Check all that apply.,Other - Write In:Please answer whether within the last year people in any of the following roles have ever been perpetrators of sexual harassment against you at your current job. Check all that apply.,Exclusive / None of the above:Please answer whether within the last year people in any of the following roles have ever been perpetrators of sexual harassment against you at your current job. Check all that apply.,Other - Write In:Please answer whether within the last year people in any of the following roles have ever been perpetrators of sexual harassment against you at your current job. Check all that apply.,"Have you witnessed any of the following harassments a bystander at your current job or workplace within the last year?  Verbal harassment of a sexual nature 	Unwanted touching or physical contact 	Cyber harassment (including unwanted comments or photos shared via email, social media, or text) 	Unwelcome sexual advances or requests for sexual favors 	Physical acts of sexual assault 	Homophobic or transphobic comments or behavior 	Sexism or gender-based discrimination 	Other forms of sexual harassment ",How often do you experience or witness sexual harassment at your workplace?,How satisfied are you with the sexual harassment policy and procedures at your workplace?,Office:Please describe your work location.  Check all that apply.,Call center:Please describe your work location.  Check all that apply.,Newsroom:Please describe your work location.  Check all that apply.,Retail store:Please describe your work location.  Check all that apply.,Work at remote sites in the field or from my vehicle:Please describe your work location.  Check all that apply.,Based from my home:Please describe your work location.  Check all that apply.,Airport or airplane:Please describe your work location.  Check all that apply.,Plant or manufacturing site:Please describe your work location.  Check all that apply.,Other - Write In:Please describe your work location.  Check all that apply.,Other - Write In:Please describe your work location.  Check all that apply.,Do you visit homes of customers or clients on the job?,"If yes, have you had an experience in the last year where you feared for your safety, been touched or grabbed, experienced unwanted advances, harassed verbally, or experienced another form of sexual harassment in a customer’s or client’s home?",Have you received training from your employer on protecting yourself from difficult or inappropriate situations in customer’s or client’s homes?,More or better training on how to understand the existing sexual harassment policy and reporting procedure at your workplace:How interested would you be in the following actions from your union to address sexual harassment in the workplace?,Bystander training on how to intervene as a witness of sexual harassment:How interested would you be in the following actions from your union to address sexual harassment in the workplace?,Advocating for a better sexual harassment policy at your workplace:How interested would you be in the following actions from your union to address sexual harassment in the workplace?,Assisting and supporting victims of sexual harassment to address the issue and achieve a desired outcome:How interested would you be in the following actions from your union to address sexual harassment in the workplace?,"Addressing issues of sexual harassment within your Local, which could include creating or improving a sexual harassment policy:How interested would you be in the following actions from your union to address sexual harassment in the workplace?",What is your sex?,Other - Write In:What is your sex?,What is your race?,Other - Write In:What is your race?,What is your year of birth? (4 digit year),In which industry do you primarily work?,Other - Write In:In which industry do you primarily work?,What is your annual household income?,What is your highest level of education?,Are there any additional comments you’d like to share?
16,07/02/2018 16:33,07/02/2018 16:37,Complete,,,1530563582_5b3a8bfe6cacd8.45514739,"Mozilla/5.0 (iPhone; CPU iPhone OS 11_4 like Mac OS X) AppleWebKit/605.1.15 (KHTML, like Gecko) Vers",70.116.183.185,Euless,TX,76040,Yes,Agree,Yes,,,,"No, but I told a coworker",,Not applicable,,Unsure how to report the incident,,,,,,,,,,,,,,,,,A customer of my employer,,,,Yes,1 or more times per year,Unsure or unaware of any policies or procedures related to sexual harassment in my workplace,,,,,,,Airport or airplane,,,,No,,,Interested,Very interested,Interested,Interested,Interested,Female,,White,,1972,Airlines,,"$150,000 or more",Bachelor's degree,
17,07/02/2018 16:33,07/02/2018 16:36,Complete,android-app://com.google.android.gm,android-app://com.google.android.gm,1530563593_5b3a8c0976f196.46915887,"Mozilla/5.0 (Linux; Android 8.1.0; Pixel 2 XL Build/OPM2.171026.006.C1) AppleWebKit/537.36 (KHTML, l",23.119.213.226,Wendell,NC,27591,Yes,Strongly agree,Yes,,,,,"No, not reported",Not applicable,,,Unsure reporting the incident would help or be taken seriously,,Worried about retaliation,,,,,,,,A direct supervisor,Someone in a more senior role who is not a direct supervisor,,,,,A customer of my employer,,,,Yes,1 or more times per month,Very Dissatisfied,,,,,,Based from my home,,,,,No,,,Very interested,Very interested,Very interested,Very interested,Very interested,Male,,Black/African-American,,1992,Airlines,,"$25,000 to $34,999",Bachelor's degree,
18,07/02/2018 16:33,07/02/2018 16:33,Complete,,,1530563603_5b3a8c137c39d4.91435796,"Mozilla/5.0 (Linux; Android 7.0; SM-G930T Build/NRD90M) AppleWebKit/537.36 (KHTML, like Gecko) Chrom",172.56.3.58,Hyattsville,MD,20782,Yes,Strongly agree,Yes,,,,,"No, not reported",,,,,,,,,,,,,,,,,,,,,,,,,,,,,,,,,,,,,,,,,,,,,,,,,,,,,,
19,07/02/2018 16:35,07/02/2018 16:39,Complete,,,1530563700_5b3a8c74830054.39465963,"Mozilla/5.0 (Linux; Android 5.1.1; KFTBWI Build/LVY48F) AppleWebKit/537.36 (KHTML, like Gecko) Silk/",68.46.247.97,Clintwood,VA,24228,Yes,Disagree,No,,,,,,Not applicable,,,,,,,,,,,,,,,,,,,,,,,No,Unsure,Neutral,Office,,,,,,,,,,No,,,Not interested,Not interested,Not interested,Not at all interested or opposed,Not at all interested or opposed,Male,,Other - Write In,American..........period,,Law enforcement,,"$50,000 to $74,999","Advanced degree (Master's, Ph.D., M.D.)",
20,07/02/2018 16:37,07/02/2018 16:41,Complete,,,1530563877_5b3a8d250093a5.69738380,"Mozilla/5.0 (Linux; Android 8.0.0; SAMSUNG SM-G892A Build/R16NW) AppleWebKit/537.36 (KHTML, like Gec",108.245.110.136,South Bend,IN,46613,Yes,Strongly agree,Yes,"Yes, to a steward",,,,,Very Dissatisfied,,,,,,,,,,,,Strongly disagree,A direct supervisor,,,,,,,,,,Unsure,1 or more times per month,Very Dissatisfied,,,,,Work at remote sites in the field or from my vehicle,,,,,,Yes,Yes,Yes,Very interested,Very interested,Very interested,Very interested,Very interested,Male,,White,,1973,Telecom,,"$100,000 to $124,999",Graduated high school,
21,07/02/2018 16:39,07/02/2018 16:43,Complete,,,1530563985_5b3a8d912c70c2.79345645,"Mozilla/5.0 (iPhone; CPU iPhone OS 11_2 like Mac OS X) AppleWebKit/604.4.7 (KHTML, like Gecko) Versi",73.248.149.144,Trenton,NJ,8648,Yes,Strongly agree,Yes,,,,,"No, not reported",Not applicable,,,,,Worried about retaliation,,,,,,,,,,,,A contractor hired by my employer,,,,,,No,1 or more times per month,Unsure or unaware of any policies or procedures related to sexual harassment in my workplace,Office,,,,,,,,,,No,,,Not interested,Not interested,Not interested,Not interested,Not interested,Female,,White,,1966,Government/public service,,"$75,000 to $99,999","Some college, no degree",
22,07/02/2018 16:39,07/02/2018 16:40,Complete,,,1530563996_5b3a8d9c5d9686.11297851,"Mozilla/5.0 (iPhone; CPU iPhone OS 11_2_2 like Mac OS X) AppleWebKit/604.4.7 (KHTML, like Gecko) Ver",172.58.153.189,,NC,,Yes,Strongly agree,,,,,,,,,,,,,,,,,,,,,,,,,,,,,,,,,,,,,,,,,,,,,,,,,,,,,,,,,,,,
23,07/02/2018 16:40,07/02/2018 16:47,Complete,,,1530564037_5b3a8dc50b7931.02874796,"Mozilla/5.0 (iPhone; CPU iPhone OS 10_2 like Mac OS X) AppleWebKit/602.3.12 (KHTML, like Gecko) Vers",174.203.13.74,New York,NY,10128,Yes,Neutral,Yes,,"Yes, to a superior","Yes, to Human Resources",,,Dissatisfied,,,Unsure reporting the incident would help or be taken seriously,,,,,,,,,,,,,,,,,,,,No,Unsure,Neutral,,,,,,,Airport or airplane,,,,No,,,Very interested,,Neutral,Not interested,Neutral,Female,,White,,1954,Airlines,,"$150,000 or more",Bachelor's degree,
25,07/02/2018 16:41,07/02/2018 16:46,Complete,http://m.facebook.com,http://m.facebook.com,1530564116_5b3a8e148c7897.11795897,"Mozilla/5.0 (iPhone; CPU iPhone OS 11_4 like Mac OS X) AppleWebKit/605.1.15 (KHTML, like Gecko) Mobi",69.123.13.64,North Bergen,NJ,7047,Yes,Agree,No,,,,,,Not applicable,,,,,,,,,,,,,,Someone in a more senior role who is not a direct supervisor,,,,,,,,,Yes,1 or more times per month,Dissatisfied,,Call center,,,,,,,,,No,,,Interested,Neutral,Neutral,Neutral,Neutral,Male,,Hispanic/Latino,,1971,Telecom,,"$35,000 to $49,999","Some college, no degree",
26,07/02/2018 16:42,07/02/2018 16:43,Complete,,,1530564150_5b3a8e36680ea2.23747186,"Mozilla/5.0 (Linux; Android 8.0.0; SM-N950U Build/R16NW) AppleWebKit/537.36 (KHTML, like Gecko) Chro",174.225.141.142,Passaic,NJ,7055,Yes,Strongly disagree,,,,,,,,,,,,,,,,,,,,,,,,,,,,,,,,,,,,,,,,,,,,,,,,,,,,,,,,,,,,
27,07/02/2018 16:43,07/02/2018 16:46,Complete,,,1530564196_5b3a8e644dbc70.09054429,"Mozilla/5.0 (Linux; Android 8.0.0; SAMSUNG SM-G950U Build/R16NW) AppleWebKit/537.36 (KHTML, like Gec",107.77.229.80,,CA,,Yes,Agree,Yes,,,,"No, but I told a coworker",,Very Dissatisfied,,Unsure how to report the incident,Unsure reporting the incident would help or be taken seriously,,Worried about retaliation,,,Lack of support from co-workers,,,,,,Someone in a more senior role who is not a direct supervisor,,,,,A customer of my employer,,,,Yes,1 or more times per month,Dissatisfied,Office,Call center,,,Work at remote sites in the field or from my vehicle,,,,,,Yes,Yes,No,Very interested,Very interested,Very interested,Very interested,Very interested,Male,,White,,1984,Telecom,,"$35,000 to $49,999",Associate degree,
28,07/02/2018 16:45,07/02/2018 16:49,Complete,,,1530564322_5b3a8ee2c73442.70623279,"Mozilla/5.0 (iPhone; CPU iPhone OS 11_4 like Mac OS X) AppleWebKit/605.1.15 (KHTML, like Gecko) Vers",108.48.4.24,Sterling,VA,20164,Yes,Disagree,No,,,,,,Not applicable,,,,,,,,,,,,,,,,,,,,,Exclusive / None of the above,,No,Never,Satisfied,,,,,,,Airport or airplane,,,,No,,,Neutral,Interested,Neutral,Neutral,Neutral,Female,,White,,1967,Airlines,,"$50,000 to $74,999","Some college, no degree",No
29,07/02/2018 16:46,07/02/2018 16:47,Complete,,,1530564417_5b3a8f4114c506.32774351,"Mozilla/5.0 (iPhone; CPU iPhone OS 11_4 like Mac OS X) AppleWebKit/605.1.15 (KHTML, like Gecko) Vers",107.77.223.172,Brooklyn,NY,11220,Yes,Neutral,,,,,,,,,,,,,,,,,,,,,,,,,,,,,,,,,,,,,,,,,,,,,,,,,,,,,,,,,,,,
30,07/02/2018 16:48,07/02/2018 16:52,Complete,,,1530564511_5b3a8f9fe907e9.23074725,"Mozilla/5.0 (iPhone; CPU iPhone OS 11_4 like Mac OS X) AppleWebKit/605.1.15 (KHTML, like Gecko) Vers",172.56.7.98,Dallas,TX,75212,Yes,Strongly disagree,No,,,,,,Not applicable,,,,,,,,,,,,,,,,,,,,,Exclusive / None of the above,,,Never,Unsure or unaware of any policies or procedures related to sexual harassment in my workplace,,,,,,,Airport or airplane,,,,No,,,Very interested,Very interested,Very interested,Very interested,Very interested,Female,,Black/African-American,,1958,Airlines,,"$100,000 to $124,999","Some college, no degree",
31,07/02/2018 16:48,07/02/2018 16:49,Complete,,,1530564530_5b3a8fb2ae0ee1.98188377,"Mozilla/5.0 (Linux; Android 6.0.1; SAMSUNG SM-G900R4 Build/MMB29M) AppleWebKit/537.36 (KHTML, like G",166.181.82.19,Madison,WI,53711,Yes,Disagree,,,,,,,,,,,,,,,,,,,,,,,,,,,,,,,,,,,,,,,,,,,,,,,,,,,,,,,,,,,,
33,07/02/2018 16:53,07/02/2018 16:55,Complete,,,1530564829_5b3a90dd3155b6.22668561,"Mozilla/5.0 (Linux; Android 8.0.0; SM-G955U Build/R16NW) AppleWebKit/537.36 (KHTML, like Gecko) Chro",107.77.216.64,Fort Lauderdale,FL,33317,Yes,Neutral,,,,,,,,,,,,,,,,,,,,,,,,,,,,,,,,,,,,,,,,,,,,,,,,,,,,,,,,,,,,
35,07/02/2018 16:58,07/02/2018 16:58,Complete,,,1530565104_5b3a91f094bb02.07428655,"Mozilla/5.0 (iPhone; CPU iPhone OS 11_4 like Mac OS X) AppleWebKit/605.1.15 (KHTML, like Gecko) Vers",98.251.40.96,Decatur,GA,30035,Yes,Strongly agree,,,,,,,,,,,,,,,,,,,,,,,,,,,,,,,,,,,,,,,,,,,,,,,,,,,,,,,,,,,,
37,07/02/2018 17:04,07/02/2018 17:08,Complete,http://m.facebook.com,http://m.facebook.com,1530565470_5b3a935ee56860.15431497,"Mozilla/5.0 (iPhone; CPU iPhone OS 11_3 like Mac OS X) AppleWebKit/605.1.15 (KHTML, like Gecko) Mobi",45.50.36.49,Corona,CA,92881,Yes,Strongly agree,Yes,,,,,"No, not reported",Not applicable,Didn’t want to get someone in trouble,,,,,,,,,,,,,Someone in a more senior role who is not a direct supervisor,,,,,,,,,,,,,,,,,,,,,,,,,,,,,,,,,,,,,,,
38,07/02/2018 17:06,07/02/2018 17:07,Complete,http://m.facebook.com/,http://m.facebook.com/,1530565601_5b3a93e10fc631.62104273,"Mozilla/5.0 (Linux; Android 8.0.0; SM-G965U1 Build/R16NW; wv) AppleWebKit/537.36 (KHTML, like Gecko)",174.205.15.255,Rockville,MD,20853,Yes,Agree,,,,,,,,,,,,,,,,,,,,,,,,,,,,,,,,,,,,,,,,,,,,,,,,,,,,,,,,,,,,
39,07/02/2018 17:07,07/02/2018 17:10,Complete,,,1530565669_5b3a9425767e24.56185866,"Mozilla/5.0 (iPhone; CPU iPhone OS 11_4 like Mac OS X) AppleWebKit/605.1.15 (KHTML, like Gecko) Vers",174.60.238.77,Scranton,PA,18505,Yes,Strongly disagree,No,,,,,,Not applicable,,,,,,,,,,,,,,,,,,,,,Exclusive / None of the above,,No,Never,Very Satisfied,,Call center,,,,,,,,,No,,,Neutral,Neutral,Neutral,Neutral,Neutral,Female,,White,,1990,Telecom,,"$100,000 to $124,999",Bachelor's degree,
40,07/02/2018 17:08,07/02/2018 17:14,Complete,,,1530565722_5b3a945ab3fbc9.38845926,"Mozilla/5.0 (iPhone; CPU iPhone OS 11_4 like Mac OS X) AppleWebKit/605.1.15 (KHTML, like Gecko) Vers",45.31.229.148,Miami,FL,33185,Yes,Disagree,No,,,,,,Not applicable,,,,,,,,,,,,,,,,,,,,,Exclusive / None of the above,,No,Never,Satisfied,,,,,,,Airport or airplane,,,,No,,,Neutral,Neutral,Neutral,Neutral,Not interested,Female,,Hispanic/Latino,,1969,Airlines,,"$150,000 or more","Some college, no degree",These answers are based on my experience.
42,07/02/2018 17:11,07/02/2018 17:15,Complete,,,1530565917_5b3a951d639d83.68475524,"Mozilla/5.0 (Windows NT 10.0; Win64; x64) AppleWebKit/537.36 (KHTML, like Gecko) Chrome/51.0.2704.79",199.201.64.135,Menlo Park,CA,94025,Yes,Neutral,No,,,,,,Not applicable,,,,,,,,,,,,,,,,,,,,,Exclusive / None of the above,,No,Never,Very Satisfied,,,,,Work at remote sites in the field or from my vehicle,,,,,,No,,,Neutral,,,,,Male,,White,,1965,Telecom,,"$100,000 to $124,999",Trade/technical school,
43,07/02/2018 17:12,07/02/2018 17:12,Complete,,,1530565922_5b3a952291a4a6.32956753,"Mozilla/5.0 (Linux; Android 7.0; SM-G930V Build/NRD90M) AppleWebKit/537.36 (KHTML, like Gecko) Chrom",174.201.16.18,Philadelphia,PA,19151,Yes,Neutral,,,,,,,,,,,,,,,,,,,,,,,,,,,,,,,,,,,,,,,,,,,,,,,,,,,,,,,,,,,,
44,07/02/2018 17:12,07/02/2018 17:16,Complete,,,1530565929_5b3a9529721de5.68232763,Mozilla/5.0 (Windows NT 10.0; Win64; x64; rv:61.0) Gecko/20100101 Firefox/61.0,99.23.199.184,Pflugerville,TX,78660,Yes,,,,,,,,,,,,,,,,,,,,,,,,,,,,,,,,,,,,,,,,,,,,,,,,,,,,,,,,,,,,,"THIS SURVEY IS ONLY TARGETED TO INDIVIDUALS ON AN EMAIL LIST. THIS LIST DOES NOT INCLUDE ALL MEMBERS OF CWA. IN ORDER FOR THIS SURVEY TO REFLECT A MORE REALISTIC DATA, ALL MEMBERS SHOULD BE PROVIDED ACCESS/OPPORTUNITY  TO PARTICIPATE. REQUESTING THE MEMBERS PARENT COMPANY TO PROVIDE THIS SURVEY SHOULD BE PURSUED. "
45,07/02/2018 17:19,07/02/2018 17:24,Complete,,,1530566363_5b3a96dbba1a69.36426150,"Mozilla/5.0 (iPhone; CPU iPhone OS 10_3_3 like Mac OS X) AppleWebKit/603.3.8 (KHTML, like Gecko) Ver",24.20.212.140,Portland,OR,97229,Yes,Agree,Yes,,,,"No, but I told a coworker",,Not applicable,,,,,Worried about retaliation,,,,,,,,,,,,,A more junior employee,,,,,Yes,1 or more times per month,Unsure or unaware of any policies or procedures related to sexual harassment in my workplace,,,,,,,Airport or airplane,,,,No,,,Neutral,Neutral,Interested,Interested,Interested,Female,,White,,1965,Airlines,,"$35,000 to $49,999",Bachelor's degree,None
46,07/02/2018 17:20,07/02/2018 17:25,Complete,android-app://com.google.android.gm,android-app://com.google.android.gm,1530566419_5b3a971364b5a1.17127708,"Mozilla/5.0 (Linux; Android 8.1.0; Pixel Build/OPM4.171019.021.D1) AppleWebKit/537.36 (KHTML, like G",104.129.192.188,San Jose,CA,95141,Yes,Agree,Yes,,,,"No, but I told a coworker",,Not applicable,Didn’t want to get someone in trouble,,Unsure reporting the incident would help or be taken seriously,,,,,Lack of support from co-workers,,,,,,,,,,,A customer of my employer,Other - Write In,,Coworker,Yes,1 or more times per month,Unsure or unaware of any policies or procedures related to sexual harassment in my workplace,,,,,,,Airport or airplane,,,,No,,,Interested,Neutral,Neutral,Very interested,Neutral,Female,,White,,1987,Airlines,,"$125,000 to $149,999","Advanced degree (Master's, Ph.D., M.D.)","With inflight, it's just very hard to know what is and what isn't sexual harassment. Many flight attendants make overt comments of a sexual nature and are very touchy, but I don't know if this should escalate to a report even though it makes me uncomfortable. I'm not sure any training could change this as it seems to be individual attitudes as to what constitutes appropriate workplace banter."
48,07/02/2018 17:23,07/02/2018 17:23,Complete,,,1530566594_5b3a97c2f35832.36811664,"Mozilla/5.0 (iPhone; CPU iPhone OS 11_4 like Mac OS X) AppleWebKit/605.1.15 (KHTML, like Gecko) Vers",96.249.46.96,Syracuse,NY,13212,Yes,Neutral,,,,,,,,,,,,,,,,,,,,,,,,,,,,,,,,,,,,,,,,,,,,,,,,,,,,,,,,,,,,
49,07/02/2018 17:23,07/02/2018 17:25,Complete,android-app://com.google.android.gm,android-app://com.google.android.gm,1530566616_5b3a97d8a07345.41162168,"Mozilla/5.0 (Linux; Android 6.0; VS986 Build/MRA58K) AppleWebKit/537.36 (KHTML, like Gecko) Chrome/6",104.192.177.171,Wadsworth,OH,44281,Yes,Neutral,No,,,,,,Not applicable,,,,,,,,,,,,,,,,,,,,,Exclusive / None of the above,,Unsure,Less often than one time per year,Satisfied,Office,,,,,,,,,,No,,,Not interested,Not interested,Not interested,Not interested,Not interested,Female,,White,,1977,Government/public service,,"$35,000 to $49,999",Bachelor's degree,No
50,07/02/2018 17:22,07/02/2018 17:26,Complete,,,1530566533_5b3a9785a53ad7.26879856,"Mozilla/5.0 (Linux; Android 8.0.0; SAMSUNG SM-G950U Build/R16NW) AppleWebKit/537.36 (KHTML, like Gec",75.183.9.245,Winston Salem,NC,27104,Yes,Strongly agree,,,,,,,,,,,,,,,,,,,,,,,,,,,,,,,,,,,,,,,,,,,,,,,,,,,,,,,,,,,,
51,07/02/2018 17:26,07/02/2018 17:31,Complete,,,1530566807_5b3a9897167ec7.74098485,"Mozilla/5.0 (iPhone; CPU iPhone OS 11_4 like Mac OS X) AppleWebKit/605.1.15 (KHTML, like Gecko) Vers",172.58.91.187,San Francisco,CA,94112,Yes,Agree,Yes,,,,,"No, not reported",Not applicable,Didn’t want to get someone in trouble,,,,Worried about retaliation,,,,,,,,,,Another union-represented employee,,,A more junior employee,,,,,Yes,1 or more times per year,Unsure or unaware of any policies or procedures related to sexual harassment in my workplace,,,,,,,Airport or airplane,,,,No,,,Interested,Interested,Neutral,Interested,Neutral,Male,,White,,1964,Airlines,,"$150,000 or more","Some college, no degree",
52,07/02/2018 17:27,07/02/2018 17:28,Complete,,,1530566846_5b3a98be1280b9.25109248,"Mozilla/5.0 (iPhone; CPU iPhone OS 11_4 like Mac OS X) AppleWebKit/605.1.15 (KHTML, like Gecko) Vers",73.171.65.85,Richmond,VA,23224,Unsure,Neutral,,,,,,,,,,,,,,,,,,,,,,,,,,,,,,,,,,,,,,,,,,,,,,,,,,,,,,,,,,,,
53,07/02/2018 17:31,07/02/2018 17:32,Complete,,,1530567068_5b3a999cd93465.84765827,"Mozilla/5.0 (Linux; Android 6.0; MotoG3 Build/MPIS24.65-25.1-19) AppleWebKit/537.36 (KHTML, like Gec",104.1.176.244,Cedar Hill,MO,63016,Yes,Strongly disagree,,,,,,,,,,,,,,,,,,,,,,,,,,,,,,,,,,,,,,,,,,,,,,,,,,,,,,,,,,,,
54,07/02/2018 17:35,07/02/2018 17:39,Complete,,,1530567350_5b3a9ab6b37833.78163931,"Mozilla/5.0 (iPhone; CPU iPhone OS 11_4 like Mac OS X) AppleWebKit/605.1.15 (KHTML, like Gecko) Vers",75.85.5.27,Ewa Beach,HI,96706,Yes,Neutral,No,,,,,,Not applicable,,,,,,,,,,,,,,,,,,,,,Exclusive / None of the above,,No,Never,Very Satisfied,,,,,,,Airport or airplane,,,,No,,,Neutral,Not interested,Not interested,Not interested,Not interested,Male,,White,,1957,Airlines,,"$75,000 to $99,999",Associate degree,
55,07/02/2018 17:39,07/02/2018 17:43,Complete,,,1530567598_5b3a9bae1ecf99.22462203,"Mozilla/5.0 (iPhone; CPU iPhone OS 11_4 like Mac OS X) AppleWebKit/604.1.34 (KHTML, like Gecko) CriO",174.239.1.182,Honolulu,HI,96819,Yes,Agree,Yes,,,,"No, but I told a coworker",,Not applicable,Didn’t want to get someone in trouble,,,,Worried about retaliation,,,,,,,,,Someone in a more senior role who is not a direct supervisor,,,,,,,,,No,1 or more times per year,Neutral,,,,,,,Airport or airplane,,,,No,,,Neutral,Neutral,Neutral,Interested,Interested,Female,,Hispanic/Latino,,1992,Airlines,,"$25,000 to $34,999",Bachelor's degree,
57,07/02/2018 17:47,07/02/2018 17:47,Complete,,,1530568024_5b3a9d58d47274.26595125,"Mozilla/5.0 (iPhone; CPU iPhone OS 11_4 like Mac OS X) AppleWebKit/605.1.15 (KHTML, like Gecko) Vers",45.25.200.170,Sacramento,CA,95823,Yes,Strongly disagree,,,,,,,,,,,,,,,,,,,,,,,,,,,,,,,,,,,,,,,,,,,,,,,,,,,,,,,,,,,,
58,07/02/2018 17:59,07/02/2018 18:01,Complete,,,1530568758_5b3aa0364933e5.96715081,"Mozilla/5.0 (Linux; Android 6.0.1; SAMSUNG-SM-G900A Build/MMB29M) AppleWebKit/537.36 (KHTML, like Ge",107.77.228.51,Los Angeles,CA,90009,Yes,Neutral,Yes,,,,,"No, not reported",Not applicable,,,,,,,,,,Other - Write In,Spoke with my aggressor ,,,,,,,,,,,,,,,,,,,,,,,,,,,,,,,,,,,,,,,,,,
59,07/02/2018 18:00,07/02/2018 18:04,Complete,https://www.facebook.com/,https://www.facebook.com/,1530568804_5b3aa064712ca7.96732815,"Mozilla/5.0 (Macintosh; Intel Mac OS X 10_11_6) AppleWebKit/601.7.7 (KHTML, like Gecko) Version/9.1.",99.167.198.160,Sebastopol,CA,95472,Yes,,,,,,,,,,,,,,,,,,,,,,,,,,,,,,,,,Neutral,,,,,,,,,Other - Write In,field technician,Yes,,,,,,,,Female,,,,,Telecom,,"$50,000 to $74,999","Some college, no degree",please address disgusting drawings and graffiti in SAI field boxes and various telco terminal locations. It feels degrading as a female field technician to be subjected to this everyday.
61,07/02/2018 18:10,07/02/2018 18:11,Complete,http://m.facebook.com,http://m.facebook.com,1530569431_5b3aa2d7910955.74926492,"Mozilla/5.0 (iPhone; CPU iPhone OS 11_4 like Mac OS X) AppleWebKit/605.1.15 (KHTML, like Gecko) Mobi",107.77.192.84,Columbus,OH,43291,Yes,Disagree,,,,,,,,,,,,,,,,,,,,,,,,,,,,,,,,,,,,,,,,,,,,,,,,,,,,,,,,,,,,
63,07/02/2018 18:15,07/02/2018 18:16,Complete,,,1530569750_5b3aa416964545.61979906,"Mozilla/5.0 (iPhone; CPU iPhone OS 11_4 like Mac OS X) AppleWebKit/605.1.15 (KHTML, like Gecko) Vers",107.77.228.185,Los Angeles,CA,90009,Yes,Neutral,,,,,,,,,,,,,,,,,,,,,,,,,,,,,,,,,,,,,,,,,,,,,,,,,,,,,,,,,,,,
64,07/02/2018 18:20,07/02/2018 18:25,Complete,,,1530570048_5b3aa540011a38.53899900,"Mozilla/5.0 (iPhone; CPU iPhone OS 11_4 like Mac OS X) AppleWebKit/605.1.15 (KHTML, like Gecko) Vers",99.11.201.195,Oregon,OH,43616,Yes,Disagree,No,,,,,,Not applicable,,,,,,,,,,,,,,,,,,,,,Exclusive / None of the above,,No,Never,Satisfied,Office,,,,,,,,,,No,,,Very interested,Very interested,Neutral,Interested,Interested,Female,,White,,1970,Telecom,,"$100,000 to $124,999",Graduated high school,
66,07/02/2018 18:31,07/02/2018 18:34,Complete,,,1530570693_5b3aa7c543f276.40796799,"Mozilla/5.0 (Windows NT 10.0; Win64; x64) AppleWebKit/537.36 (KHTML, like Gecko) Chrome/67.0.3396.99",99.93.104.179,Edinburgh,IN,46124,Yes,Strongly disagree,No,,,,,,Not applicable,,,,,,,,,,,,,,,,,,,,,Exclusive / None of the above,,No,Never,Very Satisfied,,,,,Work at remote sites in the field or from my vehicle,,,,,,Yes,No,Yes,Neutral,Neutral,Neutral,Neutral,Neutral,Male,,White,,1967,Telecom,,"$50,000 to $74,999","Some college, no degree",
69,07/02/2018 18:43,07/02/2018 18:48,Complete,,,1530571415_5b3aaa97dd3911.34002837,"Mozilla/5.0 (Windows NT 10.0; Win64; x64) AppleWebKit/537.36 (KHTML, like Gecko) Chrome/64.0.3282.14",73.215.35.170,Lumberton,NJ,8048,Yes,Neutral,No,,,,,,Neutral,,,,,,,,,,,,,,,,,,,,,Exclusive / None of the above,,No,Never,Very Satisfied,Office,,,,,,,,,,No,,,Very interested,Very interested,Very interested,Very interested,Very interested,Female,,White,,1958,Government/public service,,"$50,000 to $74,999","Some college, no degree",
72,07/02/2018 18:47,07/02/2018 18:48,Complete,http://m.facebook.com/,http://m.facebook.com/,1530571635_5b3aab73492029.85767653,"Mozilla/5.0 (Linux; Android 8.0.0; SM-G930VL Build/R16NW; wv) AppleWebKit/537.36 (KHTML, like Gecko)",73.236.171.67,Saint Clairsville,OH,43950,Yes,Disagree,,,,,,,,,,,,,,,,,,,,,,,,,,,,,,,,,,,,,,,,,,,,,,,,,,,,,,,,,,,,
74,07/02/2018 18:48,07/02/2018 18:49,Complete,,,1530571711_5b3aabbfd3c510.88849003,"Mozilla/5.0 (iPhone; CPU iPhone OS 10_3_3 like Mac OS X) AppleWebKit/603.3.8 (KHTML, like Gecko) Mob",73.248.154.168,Brick,NJ,8723,Yes,Strongly agree,,,,,,,,,,,,,,,,,,,,,,,,,,,,,,,,,,,,,,,,,,,,,,,,,,,,,,,,,,,,
75,07/02/2018 19:00,07/02/2018 19:07,Complete,,,1530572417_5b3aae81c79be4.29300509,"Mozilla/5.0 (Linux; Android 7.0; LG-H910 Build/NRD90M) AppleWebKit/537.36 (KHTML, like Gecko) Chrome",99.185.39.170,Allen Park,MI,48101,Yes,Strongly disagree,No,,,,,,Not applicable,,,,,,,,,,,,,,,,,,,,,,,No,Never,Unsure or unaware of any policies or procedures related to sexual harassment in my workplace,,,,,,,,,Other - Write In,Outside workforce garage,Yes,No,Yes,Neutral,Neutral,Neutral,Not interested,Neutral,Male,,White,,1958,Telecom,,"$50,000 to $74,999",Bachelor's degree,
76,07/02/2018 19:17,07/02/2018 19:18,Complete,,,1530573441_5b3ab28163ed87.84437392,"Mozilla/5.0 (iPhone; CPU iPhone OS 11_4 like Mac OS X) AppleWebKit/605.1.15 (KHTML, like Gecko) Vers",71.172.225.117,Point Pleasant Beach,NJ,8742,Yes,Neutral,,,,,,,,,,,,,,,,,,,,,,,,,,,,,,,,,,,,,,,,,,,,,,,,,,,,,,,,,,,,
77,07/02/2018 19:20,07/02/2018 19:29,Complete,,,1530573619_5b3ab333cf95b5.05536947,"Mozilla/5.0 (iPhone; CPU iPhone OS 11_4 like Mac OS X) AppleWebKit/605.1.15 (KHTML, like Gecko) Mobi",108.240.247.38,Clovis,CA,93611,Yes,Strongly agree,Yes,"Yes, to a steward","Yes, to a superior",,,,Dissatisfied,,,,,,,,,,,,Disagree,,,Another union-represented employee,,,,,,,,Yes,Unsure,Neutral,,Call center,,,,,,,,,No,,,Interested,Interested,Interested,Neutral,Interested,Female,,Hispanic/Latino,,1976,Telecom,,"$50,000 to $74,999","Some college, no degree","I feel as though we watch these videos on if we experience or see sexual harassment to report it, but when it happened to me I was told that there wasn't much that could be done because the text messages he was sending me was outside of work. I feel like the union and office managers were more concerned on protecting themselves than helping the person asking for help"
78,07/02/2018 19:23,07/02/2018 19:35,Complete,http://m.facebook.com/,http://m.facebook.com/,1530573820_5b3ab3fc9f5bf3.57915645,"Mozilla/5.0 (Linux; Android 5.1.1; KFDOWI Build/LVY48F; wv) AppleWebKit/537.36 (KHTML, like Gecko) V",24.147.201.190,Killingworth,CT,6419,Yes,Agree,Yes,,"Yes, to a superior",,,,Very Dissatisfied,,,,,,Don’t trust my steward,,,,,,,,,,"A steward, representative, or leader of my union",,,,,,,Yes,Unsure,Satisfied,Office,,,,,,,,,,No,,,Interested,Interested,Interested,Interested,Interested,Male,,,,,Telecom,,,,"Plenty of sexual harassment policies are already on the books, it's the enforcement of those policies fairly and impartially that is not actually being implemented. The higher up in the company andor union a person is the less likely it is that they will actually face any type of punishment. "
80,07/02/2018 19:51,07/02/2018 19:54,Complete,http://m.facebook.com/,http://m.facebook.com/,1530575460_5b3aba640e29f6.90044366,"Mozilla/5.0 (Linux; Android 8.0.0; SAMSUNG-SM-G891A Build/R16NW; wv) AppleWebKit/537.36 (KHTML, like",162.217.32.178,Groton,CT,6340,Yes,Disagree,No,,,,,,Not applicable,,,,,,,,,,,,,,,,,,,,,Exclusive / None of the above,,No,Unsure,Very Satisfied,,Call center,,,,,,,,,No,,,Neutral,Interested,Neutral,Interested,Neutral,Female,,White,,1970,,,,,
86,07/02/2018 20:11,07/02/2018 20:12,Complete,http://m.facebook.com/,http://m.facebook.com/,1530576660_5b3abf14e5dac5.74583966,"Mozilla/5.0 (Linux; Android 8.0.0; SM-G960U Build/R16NW; wv) AppleWebKit/537.36 (KHTML, like Gecko) ",71.59.110.201,Toms River,NJ,8757,Yes,Strongly disagree,No,,,,,,Not applicable,,,,,,,,,,,,,,,,,,,,,Exclusive / None of the above,,No,Never,Unsure or unaware of any policies or procedures related to sexual harassment in my workplace,Office,,,,,,,,,,No,,,Not interested,Not interested,Not interested,Not interested,Not interested,Female,,White,,1982,Government/public service,,"$125,000 to $149,999",Bachelor's degree,
87,07/02/2018 20:12,07/02/2018 20:17,Complete,,,1530576736_5b3abf60b47088.55519733,"Mozilla/5.0 (X11; CrOS x86_64 10575.58.0) AppleWebKit/537.36 (KHTML, like Gecko) Chrome/67.0.3396.99",40.138.189.39,Jefferson,GA,30549,Yes,Neutral,Yes,,,,,"No, not reported",,,,Unsure reporting the incident would help or be taken seriously,Don’t have a steward or I’m not sure who that person is,Worried about retaliation,,,,,,,,,,Another union-represented employee,,,,,,,,Yes,Unsure,Neutral,,,,,,,,Plant or manufacturing site,,,No,,,Interested,Interested,Interested,Interested,Interested,Male,,White,,1956,Telecom,,"$75,000 to $99,999",Graduated high school,
88,07/02/2018 20:14,07/02/2018 20:23,Complete,,,1530576862_5b3abfde2caa91.68881897,"Mozilla/5.0 (iPhone; CPU iPhone OS 11_4 like Mac OS X) AppleWebKit/605.1.15 (KHTML, like Gecko) Vers",69.138.14.250,Arlington,VA,22204,Yes,Agree,Yes,,,,"No, but I told a coworker","No, not reported",Not applicable,Didn’t want to get someone in trouble,,Unsure reporting the incident would help or be taken seriously,,,,,,,,,,,,Another union-represented employee,,,,,,,,Yes,1 or more times per month,Neutral,,,,,,,Airport or airplane,,,,No,,,Not interested,Neutral,Neutral,Neutral,Neutral,Male,,Asian,,1974,Airlines,,"$50,000 to $74,999",Bachelor's degree,
89,07/02/2018 20:14,07/02/2018 20:15,Complete,http://m.facebook.com,http://m.facebook.com,1530576882_5b3abff25a5c99.17010226,"Mozilla/5.0 (iPhone; CPU iPhone OS 11_4 like Mac OS X) AppleWebKit/605.1.15 (KHTML, like Gecko) Mobi",71.234.64.52,Guilford,CT,6437,Yes,Disagree,,,,,,,,,,,,,,,,,,,,,,,,,,,,,,,,,,,,,,,,,,,,,,,,,,,,,,,,,,,,
90,07/02/2018 20:17,07/02/2018 20:19,Complete,http://m.facebook.com,http://m.facebook.com,1530577064_5b3ac0a8d4b601.07104146,"Mozilla/5.0 (iPhone; CPU iPhone OS 11_4 like Mac OS X) AppleWebKit/605.1.15 (KHTML, like Gecko) Mobi",32.208.37.90,Branford,CT,6405,Yes,Agree,Yes,,,,,,,,,,,,,,,,,,,,,,,,,,,,,,,,,,,,,,,,,,,,,,,,,,,,,,,,,,,
91,07/02/2018 20:18,07/02/2018 20:21,Complete,http://m.facebook.com,http://m.facebook.com,1530577120_5b3ac0e039e0c7.32387175,"Mozilla/5.0 (iPhone; CPU iPhone OS 11_4 like Mac OS X) AppleWebKit/605.1.15 (KHTML, like Gecko) Mobi",184.15.84.194,Gallipolis Ferry,WV,25515,Yes,Neutral,No,,,,,,Not applicable,,,,,,,,,,,,,,,,,,,,,Exclusive / None of the above,,Yes,1 or more times per month,Neutral,,,,,,,,,Other - Write In,Prison,,,,,,,,,,,,,,,,,,
92,07/02/2018 20:21,07/02/2018 20:24,Complete,http://m.facebook.com,http://m.facebook.com,1530577301_5b3ac195419ac2.74144297,"Mozilla/5.0 (iPhone; CPU iPhone OS 11_4 like Mac OS X) AppleWebKit/605.1.15 (KHTML, like Gecko) Mobi",184.15.84.194,Gallipolis Ferry,WV,25515,Yes,Neutral,No,,,,,,Not applicable,,,,,,,,,,,,,,,,,,,,,Exclusive / None of the above,,Yes,1 or more times per month,Neutral,,,,,,,,,Other - Write In,Prison,No,,,Neutral,Neutral,Interested,Neutral,Neutral,Male,,White,,1979,Government/public service,,"$35,000 to $49,999",Associate degree,policy won't matter without enforcement
93,07/02/2018 20:24,07/02/2018 20:25,Complete,http://m.facebook.com,http://m.facebook.com,1530577494_5b3ac2560a2e53.76633982,"Mozilla/5.0 (iPhone; CPU iPhone OS 11_2_1 like Mac OS X) AppleWebKit/604.4.7 (KHTML, like Gecko) Mob",73.114.155.76,Groton,CT,6340,Yes,Neutral,,,,,,,,,,,,,,,,,,,,,,,,,,,,,,,,,,,,,,,,,,,,,,,,,,,,,,,,,,,,
95,07/02/2018 20:26,07/02/2018 20:30,Complete,https://mail.yahoo.com/,https://mail.yahoo.com/,1530577568_5b3ac2a03d9fc6.06198393,"Mozilla/5.0 (X11; CrOS x86_64 9000.87.2) AppleWebKit/537.36 (KHTML, like Gecko) Chrome/56.0.2924.101",69.243.142.230,Franklin Park,IL,60131,Yes,Agree,Yes,,,,"No, but I told a coworker",,Neutral,,Unsure how to report the incident,,,Worried about retaliation,,,,,,,,,,Another union-represented employee,,,,,,,,No,Less often than one time per year,Satisfied,,,,,,,Airport or airplane,,,,No,,,Interested,Interested,Interested,Very interested,Very interested,Female,,White,,,Airlines,,"$35,000 to $49,999","Some college, no degree",
97,07/02/2018 20:29,07/02/2018 20:36,Complete,http://m.facebook.com,http://m.facebook.com,1530577797_5b3ac3854a87d0.72268474,"Mozilla/5.0 (iPhone; CPU iPhone OS 11_4 like Mac OS X) AppleWebKit/605.1.15 (KHTML, like Gecko) Mobi",107.77.193.155,Taylor,MI,48180,Yes,Neutral,No,,,,,,Neutral,,,,,,,,,,,,,,,,,,,,,Exclusive / None of the above,,No,Never,Neutral,,Call center,,,,,,,,,No,,,Interested,Very interested,Very interested,Very interested,Very interested,Female,,White,,1965,Telecom,,"$125,000 to $149,999","Some college, no degree",
98,07/02/2018 20:31,07/02/2018 20:32,Complete,http://m.facebook.com,http://m.facebook.com,1530577873_5b3ac3d1825eb3.76504397,"Mozilla/5.0 (iPhone; CPU iPhone OS 11_4 like Mac OS X) AppleWebKit/605.1.15 (KHTML, like Gecko) Mobi",73.227.220.251,Madison,CT,6443,Yes,Agree,,,,,,,,,,,,,,,,,,,,,,,,,,,,,,,,,,,,,,,,,,,,,,,,,,,,,,,,,,,,
99,07/02/2018 20:31,07/02/2018 20:32,Complete,,,1530577872_5b3ac3d05fb116.33079587,"Mozilla/5.0 (iPhone; CPU iPhone OS 11_4 like Mac OS X) AppleWebKit/605.1.15 (KHTML, like Gecko) Vers",162.207.62.199,Grand Prairie,TX,75052,Yes,Disagree,,,,,,,,,,,,,,,,,,,,,,,,,,,,,,,,,,,,,,,,,,,,,,,,,,,,,,,,,,,,
101,07/02/2018 20:46,07/02/2018 20:47,Complete,http://m.facebook.com,http://m.facebook.com,1530578790_5b3ac7667c70f0.41935226,"Mozilla/5.0 (iPhone; CPU iPhone OS 11_4 like Mac OS X) AppleWebKit/605.1.15 (KHTML, like Gecko) Mobi",71.196.226.139,Aurora,CO,80013,Yes,Strongly disagree,,,,,,,,,,,,,,,,,,,,,,,,,,,,,,,,,,,,,,,,,,,,,,,,,,,,,,,,,,,,
102,07/02/2018 20:47,07/02/2018 20:51,Complete,,,1530578847_5b3ac79f7ee7a0.66159904,"Mozilla/5.0 (iPhone; CPU iPhone OS 11_4 like Mac OS X) AppleWebKit/605.1.15 (KHTML, like Gecko) Vers",64.56.23.151,Prairieville,LA,70769,Yes,Disagree,No,,,,,,Not applicable,,,,,,,,,,,,,,,,,,,,,Exclusive / None of the above,,No,Never,Very Satisfied,,,,,,,Airport or airplane,,,,No,,,Neutral,Interested,Neutral,Interested,Neutral,Female,,White,,1965,Airlines,,"$150,000 or more","Some college, no degree",
103,07/02/2018 20:51,07/02/2018 20:53,Complete,http://m.facebook.com,http://m.facebook.com,1530579077_5b3ac8853f7da4.80651122,"Mozilla/5.0 (iPhone; CPU iPhone OS 11_4 like Mac OS X) AppleWebKit/605.1.15 (KHTML, like Gecko) Mobi",173.63.184.104,Randolph,NJ,7869,Yes,Agree,Yes,,,,"No, but I told a coworker",,Not applicable,,,,,Worried about retaliation,,,,,,,,,Someone in a more senior role who is not a direct supervisor,,,,,,,,,Yes,1 or more times per month,Dissatisfied,Office,,,,,,,,,,Yes,No,No,Interested,Interested,Very interested,Very interested,Very interested,Female,,White,,1977,Government/public service,,"$100,000 to $124,999","Advanced degree (Master's, Ph.D., M.D.)",
105,07/02/2018 21:07,07/02/2018 21:12,Complete,http://m.facebook.com,http://m.facebook.com,1530580028_5b3acc3ca27b33.84011101,"Mozilla/5.0 (iPhone; CPU iPhone OS 11_4 like Mac OS X) AppleWebKit/605.1.15 (KHTML, like Gecko) Mobi",98.109.187.250,Dumont,NJ,7628,Yes,Agree,Yes,,,,"No, but I told a coworker",,Not applicable,Didn’t want to get someone in trouble,,,,,,,,,,,,,,Another union-represented employee,,,,A customer of my employer,,,,Yes,At least once per day,Dissatisfied,,,,,Work at remote sites in the field or from my vehicle,,,,Other - Write In,Garage,Yes,Yes,No,Very interested,Very interested,Very interested,Very interested,Very interested,Female,,Hispanic/Latino,,1974,Telecom,,"$150,000 or more",Bachelor's degree,
106,07/02/2018 21:09,07/02/2018 21:13,Complete,,,1530580181_5b3accd5a56388.74716079,"Mozilla/5.0 (Linux; Android 8.0.0; SM-G935V Build/R16NW) AppleWebKit/537.36 (KHTML, like Gecko) Chro",174.220.3.253,Albany,NY,12205,Yes,Strongly disagree,No,,,,,,Not applicable,,,,,,,,,,,,,,,,,,,,,Exclusive / None of the above,,No,Never,Neutral,,,,,,,,,Other - Write In,Tech garage,,,,Interested,Neutral,Neutral,Neutral,Interested,Male,,Black/African-American,,1968,Telecom,,"$150,000 or more","Some college, no degree",
110,07/02/2018 21:17,07/02/2018 21:20,Complete,http://instagram.com/,http://instagram.com/,1530580661_5b3aceb5db1a76.45257152,"Mozilla/5.0 (Linux; Android 8.0.0; SM-G950U Build/R16NW; wv) AppleWebKit/537.36 (KHTML, like Gecko) ",98.109.99.233,Morristown,NJ,7960,Yes,Strongly disagree,No,,,,,,Not applicable,,,,,,,,,,,,,,,,,,,,,,,No,Never,Very Satisfied,,,,,,,,,Other - Write In,Police department,No,,,Not interested,Not interested,Not interested,Not interested,Not interested,Male,,White,,1978,Law enforcement,,"$150,000 or more","Some college, no degree",
111,07/02/2018 21:23,07/02/2018 21:32,Complete,,,1530581031_5b3ad027509c21.68900644,"Mozilla/5.0 (iPhone; CPU iPhone OS 12_0 like Mac OS X) AppleWebKit/605.1.15 (KHTML, like Gecko) Vers",162.198.101.149,San Antonio,TX,78233,Yes,Agree,Yes,,,,,"No, not reported",Not applicable,Didn’t want to get someone in trouble,Unsure how to report the incident,,,Worried about retaliation,,,Lack of support from co-workers,,,,,,,,,,A more junior employee,,,,,Yes,At least once per day,Neutral,,,,,Work at remote sites in the field or from my vehicle,,,,,,Yes,Yes,Yes,Not interested,Interested,Interested,Interested,Neutral,Male,,Hispanic/Latino,,1987,Telecom,,"$50,000 to $74,999",Graduated high school,
112,07/02/2018 21:24,07/02/2018 21:25,Complete,http://m.facebook.com/,http://m.facebook.com/,1530581082_5b3ad05a0fef78.17364331,"Mozilla/5.0 (Linux; Android 6.0.1; SAMSUNG-SM-G870A Build/MMB29M; wv) AppleWebKit/537.36 (KHTML, lik",76.24.151.62,Clinton,CT,6413,Yes,,,,,,,,,,,,,,,,,,,,,,,,,,,,,,,,,,,,,,,,,,,,,,,,,,,,,,,,,,,,,
113,07/02/2018 21:31,07/02/2018 21:35,Complete,,,1530581515_5b3ad20b59c576.54556935,"Mozilla/5.0 (iPhone; CPU iPhone OS 11_4 like Mac OS X) AppleWebKit/605.1.15 (KHTML, like Gecko) Vers",100.19.140.55,Downingtown,PA,19335,Yes,Agree,Yes,,,,"No, but I told a coworker",,Not applicable,,,Unsure reporting the incident would help or be taken seriously,,Worried about retaliation,,,,,,,,,Someone in a more senior role who is not a direct supervisor,Another union-represented employee,,A contractor hired by my employer,,,,,,No,1 or more times per week,Satisfied,Office,Call center,,,,,,,,,No,,,Interested,Interested,Interested,Interested,Interested,Female,,White,,1985,Telecom,,"$50,000 to $74,999","Some college, no degree",
115,07/02/2018 21:41,07/02/2018 21:42,Complete,http://m.facebook.com,http://m.facebook.com,1530582115_5b3ad4639d7f63.68366849,"Mozilla/5.0 (iPhone; CPU iPhone OS 11_4 like Mac OS X) AppleWebKit/605.1.15 (KHTML, like Gecko) Mobi",73.195.33.82,Mount Laurel,NJ,8054,Yes,Agree,,,,,,,,,,,,,,,,,,,,,,,,,,,,,,,,,,,,,,,,,,,,,,,,,,,,,,,,,,,,
117,07/02/2018 21:48,07/02/2018 22:03,Complete,,,1530582515_5b3ad5f3d0b769.06528907,"Mozilla/5.0 (iPhone; CPU iPhone OS 11_4 like Mac OS X) AppleWebKit/605.1.15 (KHTML, like Gecko) Vers",71.228.104.162,Albuquerque,NM,87111,Yes,Neutral,Yes,,,,"No, but I told a coworker",,Not applicable,Didn’t want to get someone in trouble,,,,,,,,,,,,,Someone in a more senior role who is not a direct supervisor,,,,,,,,,No,Less often than one time per year,Neutral,,,,,,,Airport or airplane,,,,No,,,Interested,Interested,Neutral,Interested,Neutral,Female,,White,,1962,Airlines,,"$50,000 to $74,999","Some college, no degree","I addressed the person and told him his actions were unacceptable and unprofessional and Disrespectful.  If it ever happened again, I would take it to the company and his job would be jeopardized. "
118,07/02/2018 21:44,07/02/2018 22:01,Complete,http://m.facebook.com,http://m.facebook.com,1530582292_5b3ad514a5d350.79236545,"Mozilla/5.0 (iPhone; CPU iPhone OS 10_2_1 like Mac OS X) AppleWebKit/602.4.6 (KHTML, like Gecko) Mob",108.208.209.151,Sparks,NV,89436,Yes,Strongly agree,Yes,,,,"No, but I told a coworker",,Very Dissatisfied,,,,,,,,,,Other - Write In,I thought management should respond appropriately. ,,,Someone in a more senior role who is not a direct supervisor,,,,,,,,,No,Unsure,Unsure or unaware of any policies or procedures related to sexual harassment in my workplace,,,,,Work at remote sites in the field or from my vehicle,,,,,,No,,,Interested,Interested,Neutral,Interested,Interested,Female,,White,,1953,Telecom,,"$75,000 to $99,999","Some college, no degree",When told management said they couldn't prove so no action was taken numerous times. Tech level. On management harassment level my manager at the time reported it and said the manager I was reporting was already reported three times over the years. It appears he was only talked to and then blamed all the women he worked with but the harassment continued. 
121,07/02/2018 22:17,07/02/2018 22:17,Complete,,,1530584233_5b3adca9727049.95884334,"Mozilla/5.0 (iPhone; CPU iPhone OS 11_3 like Mac OS X) AppleWebKit/605.1.15 (KHTML, like Gecko) Vers",107.1.23.202,Bourbonnais,IL,60914,Yes,Agree,,,,,,,,,,,,,,,,,,,,,,,,,,,,,,,,,,,,,,,,,,,,,,,,,,,,,,,,,,,,
122,07/02/2018 22:17,07/02/2018 22:18,Complete,http://m.facebook.com/,http://m.facebook.com/,1530584244_5b3adcb4be00b5.00786146,"Mozilla/5.0 (Linux; Android 6.0.1; XT1254 Build/MCG24.251-5-5; wv) AppleWebKit/537.36 (KHTML, like G",174.229.1.76,Pittsburgh,PA,15227,Yes,Strongly disagree,,,,,,,,,,,,,,,,,,,,,,,,,,,,,,,,,,,,,,,,,,,,,,,,,,,,,,,,,,,,
124,07/02/2018 22:22,07/02/2018 22:34,Complete,https://www.facebook.com/,https://www.facebook.com/,1530584561_5b3addf1c3a632.81634945,"Mozilla/5.0 (Windows NT 10.0; Win64; x64) AppleWebKit/537.36 (KHTML, like Gecko) Chrome/67.0.3396.99",73.148.203.176,Jacksonville,FL,32205,Yes,Strongly disagree,No,,,,,,Not applicable,,,,,,,,,,,,,,,,,,,,,Exclusive / None of the above,,No,Never,Very Satisfied,,Call center,,,,,,,,,No,,,Not at all interested or opposed,Not at all interested or opposed,Very interested,Not at all interested or opposed,Neutral,Male,,White,,1968,Telecom,,"$25,000 to $34,999",Graduated high school,"sexual harassment  is overused, and abused as a means to take advantage of a situation brought on by the ME generation"
127,07/02/2018 22:25,07/02/2018 22:29,Complete,,,1530584724_5b3ade94a9a312.83545342,"Mozilla/5.0 (Linux; Android 8.0.0; SAMSUNG SM-G930A Build/R16NW) AppleWebKit/537.36 (KHTML, like Gec",107.77.199.107,Little Elm,TX,75068,Yes,Agree,Yes,"Yes, to a steward","Yes, to a superior",,,,Very Dissatisfied,,,,,,,,,,,,Strongly disagree,A direct supervisor,,,,,,,,,,Yes,1 or more times per week,Very Dissatisfied,,Call center,,,,,,,,,No,,,Very interested,Very interested,Very interested,Very interested,Very interested,Male,,White,,1963,Telecom,,"$35,000 to $49,999",Graduated high school,
128,07/02/2018 22:28,07/02/2018 22:30,Complete,http://m.facebook.com,http://m.facebook.com,1530584936_5b3adf682d7b59.17097775,"Mozilla/5.0 (iPhone; CPU iPhone OS 9_2 like Mac OS X) AppleWebKit/601.1.46 (KHTML, like Gecko) Mobil",32.211.136.188,Norwich,CT,6360,Yes,Disagree,,,,,,,,,,,,,,,,,,,,,,,,,,,,,,,,,,,,,,,,,,,,,,,,,,,,,,,,,,,,
129,07/02/2018 22:33,07/02/2018 22:43,Complete,https://lm.facebook.com/,https://lm.facebook.com/,1530585190_5b3ae0663c24b4.07353495,"Mozilla/5.0 (Linux; Android 7.0; SM-G955U Build/NRD90M; wv) AppleWebKit/537.36 (KHTML, like Gecko) V",68.12.82.187,Oklahoma City,OK,73162,Yes,Agree,Yes,,"Yes, to a superior","Yes, to Human Resources",,,Very Dissatisfied,,,,,,,,,,,,,,,,,,,A customer of my employer,,,,Yes,At least once per day,Very Dissatisfied,,Call center,,,,,,,,,No,,,Very interested,Very interested,Very interested,Very interested,Very interested,Female,,White,,1996,,,"Less than $25,000",Trade/technical school,
130,07/02/2018 22:34,07/02/2018 22:35,Complete,http://m.facebook.com,http://m.facebook.com,1530585290_5b3ae0ca0f7b14.24926557,"Mozilla/5.0 (iPhone; CPU iPhone OS 11_3 like Mac OS X) AppleWebKit/605.1.15 (KHTML, like Gecko) Mobi",107.77.201.215,Grand Prairie,TX,75053,Yes,Agree,,,,,,,,,,,,,,,,,,,,,,,,,,,,,,,,,,,,,,,,,,,,,,,,,,,,,,,,,,,,
132,07/02/2018 22:48,07/02/2018 22:52,Complete,http://m.facebook.com/,http://m.facebook.com/,1530586090_5b3ae3ea3b0d32.77942608,"Mozilla/5.0 (Linux; Android 7.1.2; LG-H931 Build/N2G47H; wv) AppleWebKit/537.36 (KHTML, like Gecko) ",73.215.160.53,Bloomfield,NJ,7003,Yes,Neutral,No,,,,,,Not applicable,,,,,,,,,,,,,,,,,,,,,Exclusive / None of the above,,No,Never,Satisfied,,Call center,,,,,,,,,No,,,Not interested,Not interested,Neutral,Neutral,Not interested,Male,,White,,1951,Telecom,,"$50,000 to $74,999","Some college, no degree",
133,07/02/2018 22:52,07/02/2018 22:57,Complete,,,1530586364_5b3ae4fc8e5807.64865715,"Mozilla/5.0 (iPhone; CPU iPhone OS 11_4 like Mac OS X) AppleWebKit/605.1.15 (KHTML, like Gecko) Vers",104.53.42.57,San Juan Capistrano,CA,92675,Yes,Disagree,No,,,,,,Not applicable,,,,,,,,,,,,,,,,,,,,,,,No,Never,Satisfied,,,,,,,Airport or airplane,,,,No,,,Interested,Interested,Neutral,Interested,Interested,Female,,White,,1957,Airlines,,,"Some college, no degree",
134,07/02/2018 23:04,07/02/2018 23:05,Complete,,,1530587074_5b3ae7c2457005.25706823,"Mozilla/5.0 (Linux; Android 4.4.3; KFAPWI Build/KTU84M) AppleWebKit/537.36 (KHTML, like Gecko) Silk/",75.17.155.119,Racine,WI,53405,Yes,Strongly disagree,,,,,,,,,,,,,,,,,,,,,,,,,,,,,,,,,,,,,,,,,,,,,,,,,,,,,,,,,,,,
135,07/02/2018 23:11,07/02/2018 23:11,Complete,,,1530587468_5b3ae94c233b75.93170603,"Mozilla/5.0 (iPhone; CPU iPhone OS 11_4 like Mac OS X) AppleWebKit/605.1.15 (KHTML, like Gecko) Vers",72.200.91.60,Tucson,AZ,85710,Yes,Neutral,,,,,,,,,,,,,,,,,,,,,,,,,,,,,,,,,,,,,,,,,,,,,,,,,,,,,,,,,,,,
136,07/02/2018 23:23,07/02/2018 23:26,Complete,http://m.facebook.com/,http://m.facebook.com/,1530588227_5b3aec43234932.85082274,"Mozilla/5.0 (Linux; Android 8.0.0; SAMSUNG-SM-G935A Build/R16NW; wv) AppleWebKit/537.36 (KHTML, like",107.77.197.110,,,,Yes,Strongly disagree,No,,,,,,Neutral,,,,,,,,,,,,,,,,,,,,,Exclusive / None of the above,,Yes,1 or more times per week,Very Satisfied,,Call center,,,,,,,,,No,,,Very interested,Very interested,Very interested,Very interested,Very interested,Male,,White,,1990,Telecom,,"$25,000 to $34,999",Less than high school,
137,07/02/2018 23:25,07/02/2018 23:26,Complete,,,1530588323_5b3aeca354f517.60693423,"Mozilla/5.0 (iPhone; CPU iPhone OS 11_2_6 like Mac OS X) AppleWebKit/604.5.6 (KHTML, like Gecko) Ver",107.77.203.21,Washington,DC,20010,Yes,Neutral,,,,,,,,,,,,,,,,,,,,,,,,,,,,,,,,,,,,,,,,,,,,,,,,,,,,,,,,,,,,
138,07/02/2018 23:28,07/02/2018 23:29,Complete,http://m.facebook.com/,http://m.facebook.com/,1530588521_5b3aed69bb9111.90948003,"Mozilla/5.0 (Linux; Android 7.0; LGMP260 Build/NRD90U; wv) AppleWebKit/537.36 (KHTML, like Gecko) Ve",172.58.184.196,Oxon Hill,MD,20745,Yes,Neutral,Yes,,,,,,,,,,,,,,,,,,,,,,,,,,,,,,,,,,,,,,,,,,,,,,,,,,,,,,,,,,,
139,07/02/2018 23:44,07/02/2018 23:47,Complete,android-app://com.google.android.gm,android-app://com.google.android.gm,1530589485_5b3af12dcc0729.42995534,"Mozilla/5.0 (Linux; Android 8.0.0; SM-G955U Build/R16NW) AppleWebKit/537.36 (KHTML, like Gecko) Chro",24.22.194.126,Lake Stevens,WA,98258,Yes,Disagree,No,,,,,,Not applicable,,,,,,,,,,,,,,,,,,,,,Exclusive / None of the above,,No,Never,Very Satisfied,,Call center,,,,,,,,,No,,,Neutral,Interested,Neutral,Interested,Neutral,Male,,White,,1984,Telecom,,"$75,000 to $99,999",Bachelor's degree,
140,07/02/2018 23:50,07/02/2018 23:50,Complete,http://m.facebook.com,http://m.facebook.com,1530589822_5b3af27e0bf2a3.30337043,"Mozilla/5.0 (iPhone; CPU iPhone OS 11_4 like Mac OS X) AppleWebKit/605.1.15 (KHTML, like Gecko) Mobi",47.34.39.229,Hartford,WI,53027,Yes,Neutral,,,,,,,,,,,,,,,,,,,,,,,,,,,,,,,,,,,,,,,,,,,,,,,,,,,,,,,,,,,,
143,07/03/2018 0:09,07/03/2018 0:10,Complete,http://m.facebook.com/,http://m.facebook.com/,1530590975_5b3af6ffbb2ca1.15110825,"Mozilla/5.0 (Linux; Android 9; Pixel 2 Build/PPP4.180612.004; wv) AppleWebKit/537.36 (KHTML, like Ge",107.77.195.194,Southfield,MI,48076,Yes,Agree,,,,,,,,,,,,,,,,,,,,,,,,,,,,,,,,,,,,,,,,,,,,,,,,,,,,,,,,,,,,
144,07/03/2018 0:10,07/03/2018 0:14,Complete,,,1530591027_5b3af7338ab280.64520297,"Mozilla/5.0 (iPhone; CPU iPhone OS 11_4 like Mac OS X) AppleWebKit/605.1.15 (KHTML, like Gecko) Vers",71.239.188.99,Chicago,IL,60622,Yes,Agree,Yes,,,,"No, but I told a coworker",,Not applicable,Didn’t want to get someone in trouble,Unsure how to report the incident,Unsure reporting the incident would help or be taken seriously,Don’t have a steward or I’m not sure who that person is,Worried about retaliation,,,,,,,,,Someone in a more senior role who is not a direct supervisor,Another union-represented employee,,,,A customer of my employer,,,,No,1 or more times per month,Dissatisfied,,,Newsroom,,,,,,,,Yes,No,Yes,Neutral,Very interested,Interested,Very interested,Neutral,Female,,White,,1995,Media,,"$35,000 to $49,999",Bachelor's degree,
145,07/03/2018 0:17,07/03/2018 0:18,Complete,,,1530591450_5b3af8dad20834.66181818,"Mozilla/5.0 (iPhone; CPU iPhone OS 11_4 like Mac OS X) AppleWebKit/605.1.15 (KHTML, like Gecko) Vers",96.250.246.66,Jamaica,NY,11434,Yes,Strongly agree,,,,,,,,,,,,,,,,,,,,,,,,,,,,,,,,,,,,,,,,,,,,,,,,,,,,,,,,,,,,
146,07/03/2018 0:19,07/03/2018 0:24,Complete,,,1530591554_5b3af9422e7521.60721687,"Mozilla/5.0 (iPhone; CPU iPhone OS 11_4 like Mac OS X) AppleWebKit/605.1.15 (KHTML, like Gecko) Vers",96.250.246.66,Jamaica,NY,11434,Yes,Strongly agree,Yes,,,,"No, but I told a coworker",,Not applicable,,,Unsure reporting the incident would help or be taken seriously,,Worried about retaliation,,,,,,,,A direct supervisor,,Another union-represented employee,,,,,,,,Yes,At least once per day,Neutral,Office,Call center,,,,,,,,,No,,,Very interested,Very interested,Interested,Very interested,Very interested,Female,,Black/African-American,,1976,Telecom,,"$75,000 to $99,999","Some college, no degree",
147,07/03/2018 0:22,07/03/2018 0:22,Complete,,,1530591731_5b3af9f313f433.88898953,"Mozilla/5.0 (Linux; Android 8.0.0; SM-G965U Build/R16NW) AppleWebKit/537.36 (KHTML, like Gecko) Chro",172.124.154.8,Reseda,CA,91335,Yes,Strongly disagree,,,,,,,,,,,,,,,,,,,,,,,,,,,,,,,,,,,,,,,,,,,,,,,,,,,,,,,,,,,,
149,07/03/2018 0:51,07/03/2018 0:52,Complete,,,1530593493_5b3b00d5ee3353.83871396,"Mozilla/5.0 (iPhone; CPU iPhone OS 11_4 like Mac OS X) AppleWebKit/605.1.15 (KHTML, like Gecko) Vers",68.107.125.80,San Diego,CA,92105,Unsure,Agree,,,,,,,,,,,,,,,,,,,,,,,,,,,,,,,,,,,,,,,,,,,,,,,,,,,,,,,,,,,,
150,07/03/2018 0:58,07/03/2018 1:04,Complete,http://m.facebook.com/,http://m.facebook.com/,1530593920_5b3b0280dfe088.74730615,"Mozilla/5.0 (Linux; Android 7.1.1; K88 Build/NMF26V; wv) AppleWebKit/537.36 (KHTML, like Gecko) Vers",108.214.131.17,Red Oak,TX,75154,Yes,Disagree,No,,,,,,Not applicable,,,,,,,,,,,,,,,,,,,,,Exclusive / None of the above,,No,Never,Satisfied,,Call center,,,,,,,,,No,,,Not at all interested or opposed,Not at all interested or opposed,Not at all interested or opposed,Interested,Not at all interested or opposed,Female,,White,,1969,Telecom,,"$75,000 to $99,999","Some college, no degree",
153,07/03/2018 1:25,07/03/2018 1:25,Complete,https://mail.yahoo.com/,https://mail.yahoo.com/,1530595508_5b3b08b4805c33.81513592,"Mozilla/5.0 (Linux; Android 8.0.0; SM-G955U Build/R16NW) AppleWebKit/537.36 (KHTML, like Gecko) Chro",107.77.208.5,Chicago,IL,60640,Yes,Disagree,,,,,,,,,,,,,,,,,,,,,,,,,,,,,,,,,,,,,,,,,,,,,,,,,,,,,,,,,,,,
154,07/03/2018 1:31,07/03/2018 1:32,Complete,,,1530595895_5b3b0a370f6fc9.70195494,"Mozilla/5.0 (iPad; CPU OS 11_3 like Mac OS X) AppleWebKit/605.1.15 (KHTML, like Gecko) Version/11.0 ",144.160.130.93,,CA,,Yes,Strongly agree,,,,,,,,,,,,,,,,,,,,,,,,,,,,,,,,,,,,,,,,,,,,,,,,,,,,,,,,,,,,
155,07/03/2018 2:19,07/03/2018 2:26,Complete,,,1530598791_5b3b1587861749.79933290,"Mozilla/5.0 (iPhone; CPU iPhone OS 11_4 like Mac OS X) AppleWebKit/605.1.15 (KHTML, like Gecko) Vers",75.118.39.188,Naperville,IL,60540,Yes,Agree,Yes,"Yes, to a steward",,,"No, but I told a coworker",,Dissatisfied,,,,,,,,,,,,Disagree,,,Another union-represented employee,,,,A customer of my employer,,,,Unsure,1 or more times per year,Unsure or unaware of any policies or procedures related to sexual harassment in my workplace,,,,,,,Airport or airplane,,,,No,,,Interested,Interested,Interested,Neutral,Neutral,Female,,White,,1952,Airlines,,"$75,000 to $99,999","Some college, no degree",
156,07/03/2018 4:06,07/03/2018 4:11,Complete,,,1530605169_5b3b2e71734922.61975190,"Mozilla/5.0 (iPhone; CPU iPhone OS 11_4 like Mac OS X) AppleWebKit/605.1.15 (KHTML, like Gecko) Vers",73.170.8.32,Santa Cruz,CA,95060,Yes,Strongly agree,Yes,,,,,"No, not reported",Not applicable,,,,,Worried about retaliation,,,,,,,,,Someone in a more senior role who is not a direct supervisor,,,,,,,,,Yes,1 or more times per year,Unsure or unaware of any policies or procedures related to sexual harassment in my workplace,,,,,,,Airport or airplane,,,,No,,,Interested,Interested,Very interested,Not at all interested or opposed,Not at all interested or opposed,Female,,White,,1983,Airlines,,"$25,000 to $34,999",Graduated high school,
158,07/03/2018 4:50,07/03/2018 4:51,Complete,,,1530607859_5b3b38f38d6fd2.01466097,"Mozilla/5.0 (iPhone; CPU iPhone OS 11_4 like Mac OS X) AppleWebKit/605.1.15 (KHTML, like Gecko) Vers",98.151.39.223,Waipahu,HI,96797,Yes,Strongly agree,,,,,,,,,,,,,,,,,,,,,,,,,,,,,,,,,,,,,,,,,,,,,,,,,,,,,,,,,,,,
160,07/03/2018 7:03,07/03/2018 7:03,Complete,http://m.facebook.com,http://m.facebook.com,1530615802_5b3b57fab63437.51136490,"Mozilla/5.0 (iPad; CPU OS 11_4 like Mac OS X) AppleWebKit/605.1.15 (KHTML, like Gecko) Mobile/15F79 ",104.58.140.149,Evans,GA,30809,Yes,,,,,,,,,,,,,,,,,,,,,,,,,,,,,,,,,,,,,,,,,,,,,,,,,,,,,,,,,,,,,
161,07/03/2018 7:26,07/03/2018 7:27,Complete,,,1530617213_5b3b5d7d6a9019.84343050,"Mozilla/5.0 (iPhone; CPU iPhone OS 11_4 like Mac OS X) AppleWebKit/605.1.15 (KHTML, like Gecko) Vers",69.14.19.221,Troy,MI,48085,Yes,Neutral,,,,,,,,,,,,,,,,,,,,,,,,,,,,,,,,,,,,,,,,,,,,,,,,,,,,,,,,,,,,
162,07/03/2018 7:45,07/03/2018 7:47,Complete,,,1530618352_5b3b61f0662648.18745997,"Mozilla/5.0 (Windows NT 10.0; Win64; x64) AppleWebKit/537.36 (KHTML, like Gecko) Chrome/67.0.3396.99",100.1.213.48,Keansburg,NJ,7734,Yes,Agree,No,,,,,,Not applicable,,,,,,,,,,,,,,,,,,,,,Exclusive / None of the above,,Unsure,Unsure,Satisfied,Office,,,,,,,,,,No,,,Very interested,Interested,Interested,Interested,Interested,Female,,White,,1965,Government/public service,,"$50,000 to $74,999","Some college, no degree",
167,07/03/2018 8:41,07/03/2018 8:44,Complete,,,1530621676_5b3b6eecd5bcc1.32828965,"Mozilla/5.0 (Linux; Android 8.0.0; SAMSUNG SM-G950U Build/R16NW) AppleWebKit/537.36 (KHTML, like Gec",99.203.128.79,Columbus,OH,43202,Yes,Disagree,No,,,,,,Not applicable,,,,,,,,,,,,,,,,,,,,,,,Yes,Less often than one time per year,Satisfied,Office,,,,,,,,,,No,,,Interested,Interested,Neutral,Interested,Interested,Male,,White,,1974,Government/public service,,"$50,000 to $74,999","Some college, no degree",
168,07/03/2018 9:19,07/03/2018 9:22,Complete,,,1530623989_5b3b77f538cb38.33568273,Mozilla/5.0 (Windows NT 6.3; WOW64; Trident/7.0; rv:11.0) like Gecko,199.20.125.43,Trenton,NJ,8690,Yes,Strongly disagree,No,,,,,,Not applicable,,,,,,,,,,,,,,,,,,,,,,,No,Never,Unsure or unaware of any policies or procedures related to sexual harassment in my workplace,Office,,,,,,,,,,No,,,Neutral,Neutral,Neutral,Neutral,Neutral,Female,,White,,1978,Government/public service,,"$50,000 to $74,999","Some college, no degree",
